{"cameraMode":{"drawMode":0,"name":"Shaded","section":"Shading Mode"},"sceneLighting":true,"audioPlay":false,"sceneViewState":{"showFog":true,"showMaterialUpdate":false,"showSkybox":true,"showFlares":true,"showImageEffects":true,"showParticleSystems":true,"showVisualEffectGraphs":true,"m_FxEnabled":true},"in2DMode":false,"pivot":{"x":-1.3944469690322877,"y":-21.276016235351564,"z":27.53445816040039},"rotation":{"x":0.5032825469970703,"y":-0.006479772739112377,"z":0.0037763735745102169,"w":0.8641093969345093},"size":36.62663650512695,"orthographic":false}