{"cameraMode":{"drawMode":0,"name":"Shaded","section":"Shading Mode"},"sceneLighting":true,"audioPlay":false,"sceneViewState":{"showFog":true,"showMaterialUpdate":false,"showSkybox":true,"showFlares":true,"showImageEffects":true,"showParticleSystems":true,"showVisualEffectGraphs":true,"m_FxEnabled":true},"in2DMode":false,"pivot":{"x":-2.4832708835601808,"y":3.8133506774902345,"z":-0.08341360092163086},"rotation":{"x":0.1226734071969986,"y":-0.016374602913856508,"z":0.002024294575676322,"w":0.9923098087310791},"size":12.16096305847168,"orthographic":false}